scorer,,,Mena,Mena,Mena,Mena,Mena,Mena,Mena,Mena,Mena,Mena,Mena,Mena,Mena,Mena,Mena,Mena,Mena,Mena,Mena,Mena,Mena,Mena,Mena,Mena,Mena,Mena,Mena,Mena,Mena,Mena,Mena,Mena,Mena,Mena
bodyparts,,,Head,Head,Snout,Snout,LeftEar,LeftEar,RightEar,RightEar,Shoulder,Shoulder,Spine1,Spine1,Spine2,Spine2,Spine3,Spine3,Spine4,Spine4,TailBase,TailBase,Tail1,Tail1,Tail2,Tail2,TailEnd,TailEnd,LeftPaw1,LeftPaw1,RightPaw1,RightPaw1,LeftPaw2,LeftPaw2,RightPaw2,RightPaw2
coords,,,x,y,x,y,x,y,x,y,x,y,x,y,x,y,x,y,x,y,x,y,x,y,x,y,x,y,x,y,x,y,x,y,x,y
labeled-data,Grupo2R4S1,img04590.png,378.17807514535326,111.86811810609618,,,382.9027409464219,126.04211550930196,374.2871738974144,101.02917891540937,386.7936421943607,108.25513837586723,403.7468547746656,100.75125739769945,424.3130470851996,93.24737641953169,444.8792393957335,90.74608276014241,468.2246468833666,94.35906249037136,487.123310087641,106.0317662341879,519.0842846242815,106.0317662341879,546.3205933598535,112.97980417693586,578.0036463787841,134.93560407601933,,,,,429.03771288626814,126.04211550930198,,
labeled-data,Grupo2R4S1,img07910.png,165.83319589429013,57.89822287238771,151.05033632369407,57.05348803978223,179.7713206322807,58.32059028869046,167.94503297580385,26.220666649681885,161.60952173126267,74.79291952449749,156.118745319327,88.73104426248807,150.62796890739133,102.24680158417588,145.5595599117584,116.18492632216646,141.33588574873096,128.0112139786433,138.37931383461176,139.4151342188174,127.82012842704313,174.8939971882479,121.48461718250198,213.32943207179767,78.40314071962203,219.66494331633882,,,,,,,180.6160554648862,125.89937689712956
labeled-data,Grupo2R4S1,img08160.png,448.8193648171289,100.97969933526764,446.28516031931247,71.41398019407553,440.7943839073768,87.04157459727709,455.57724347797284,106.89284316350606,437.4154445769548,105.20337349829508,422.63258500635874,108.58231282871704,401.5142141912215,109.42704766132253,380.81821079238705,110.27178249392801,355.8985332305251,110.27178249392801,333.93542758278244,111.53888474283625,294.2328904503245,119.14149823628566,265.93427355804056,133.92435780688172,228.76594092339906,153.7756263731107,423.05495242266153,72.68108244298377,,,,,379.9734759597816,138.14803196990914
labeled-data,Grupo2R4S1,img08380.png,444.5956906541015,78.17185885491945,434.1220651042878,60.69861534240251,430.63613038106996,82.41031689688134,457.2384851454452,72.26535109690774,450.70061829657334,90.75173322130408,457.2384851454452,105.63101639459869,459.04203462099605,123.89195483455116,452.5041677721242,142.82922432783522,437.6248845988296,157.93395118557368,423.19648879442275,165.37359277222097,388.7036050745125,184.0854185810612,355.33793977682154,198.2883707010242,313.17997078582016,183.63453121217347,,,,,,,,
labeled-data,Grupo2R4S1,img08890.png,644.5563181361406,110.08928427839386,,,636.6657891806055,121.81235586947446,648.61430445613,91.82834583844138,655.6030586738896,109.41295322506228,676.3438776427245,106.93307269617985,698.4373587182225,105.5804105895167,719.8545087403891,104.90407953618512,741.2716587625555,111.66739006950087,752.0929556158607,121.81235586947446,779.1461977491236,135.56442062054978,792.6728188157551,158.10878906493554,769.4521193180377,219.65491491810872,,,,,692.3503792382384,140.7496253627585,,
labeled-data,Grupo2R4S1,img09440.png,302.2896738981713,785.854851092976,315.3090413481092,809.4952814625999,312.2255069520712,773.5207135088243,292.01122591137823,791.6793049521586,294.06691550873694,774.5485583075036,281.04754805879907,765.6405700522829,267.685565675968,759.1308863273141,253.6383534273509,752.9638175352383,236.85022171558893,743.7132143471244,222.80300946697176,738.5739903537279,190.93982070791333,722.4710885077523,167.29939033828933,694.0340490776248,133.03789704897918,641.6139643449802,,,,,258.77757742074743,725.5546229037901,,
labeled-data,Grupo2R4S1,img09790.png,439.33564705541187,817.3754249191412,436.252112659374,851.2943032755584,453.04024437113594,810.1805113283862,425.973664672581,808.4674366639207,438.9930321225188,796.1332990797691,436.252112659374,783.1139316298312,431.79811853176375,767.6962596496417,424.2605900081153,750.9081279378796,415.0099868200017,736.1756858234761,403.0184641687431,725.8972378366832,383.48941299383637,706.0255717288833,366.7012812820744,675.5328427013973,320.1056504086126,686.8391354868696,457.8368534316394,799.9020633415931,416.3804465515741,799.2168334758069,445.5027158474877,736.8609156892625,398.9070849740259,763.5848804549244
labeled-data,Grupo2R4S1,img10350.png,791.7451062621569,437.62016819195463,812.8671416081106,438.17601122737443,780.0724025183404,426.225385965848,796.4697720632255,446.2357352409621,775.3477367172718,442.0669124753133,767.0100911859743,457.0746744316489,767.843855739104,473.472043976534,771.7347569870428,495.98368691103735,776.1815012704016,515.9940361861514,778.6827949297908,537.949836085235,782.0178531423098,574.0796333875243,756.4490735129974,601.3159421230962,748.9451925348296,631.0535445180574,,,,,746.7218203931502,503.2096463714953,798.9710657226149,483.75514013180094
labeled-data,Grupo2R4S1,img10900.png,93.6387053714277,454.21426023297,89.68554979153456,477.93319371232883,112.27501024806683,449.1316316302502,73.30819096054867,444.04900302753043,95.89765141708094,432.7542727992643,98.72133397414748,418.6358600139316,103.23922606545393,403.9527107171856,109.45132769100032,389.834297931853,111.14553722524023,376.8453581693469,112.27501024806685,364.42115491825416,116.22816582796,315.28907842529645,127.52289605622613,272.3691035578851,173.8312899921173,253.73279868124598,120.74605791926645,435.01321884491756,77.82608305185512,422.5890155938248,134.29973419318583,400.56429164870576,84.6029211888148,395.481663045986
labeled-data,Grupo2R4S1,img12600.png,77.25510623896537,95.43393464679389,,,79.20055686293479,108.2183244614501,80.31224293377446,84.03915242068726,84.75898721713314,97.37938527076328,96.98753399636952,100.43652196557238,112.82906050583483,99.88067893015253,130.8939591569795,100.43652196557237,151.46015146751338,101.54820803641202,178.4185386853754,98.21314982389299,226.49896124919118,91.82095491656486,265.6858952462896,94.3222485759541,315.43384691636487,97.6573067884731,101.99012131514804,122.94816490007572,,,136.45238951117784,131.56373194908315,,
labeled-data,Grupo2R4S1,img13280.png,771.8622489203171,594.0338370929935,,,785.378006242005,592.3443674277827,762.9925331779596,593.1891022603882,773.5517185855281,584.7417539343332,776.5082904996473,568.2694246985261,782.8438017441886,550.5299932138108,787.4898433235187,531.9458268964902,787.4898433235188,511.6721909139585,785.378006242005,487.59724818470204,778.6201275811611,444.9381391381249,785.378006242005,411.1487458339053,770.1727792551062,374.40278061556654,791.2911500702435,578.4062426897921,753.2780826029964,577.9838752734893,,,754.9675522682073,522.6537437378298
labeled-data,Grupo2R4S1,img13970.png,149.99708271406882,99.84442417236738,,,139.01552989019746,91.81944326261524,160.9786355379402,110.82597699623875,141.54973438801392,110.40360957993602,127.18924223372062,123.49699948532108,114.09585232833552,136.16802197440342,99.3129927577395,156.0192905406324,90.02090959907912,172.49161977643942,84.53013318714343,188.96394901224647,73.54858036327207,243.02697829899776,95.51168601101477,287.7979244270886,109.0274433327026,313.562336821556,,,156.75496137491274,130.67724556246773,,,124.65503773590416,174.1810894416504
labeled-data,Grupo2R4S1,img14800.png,436.02823836109155,800.7636622783853,430.1150945328531,833.2859533336965,451.65583276429305,799.496560029477,424.20195070461466,790.2044768708166,441.5190147730272,785.9808027077892,448.2768934338711,770.3532083045876,459.2584462577425,755.9927161502943,466.01632491858635,744.1664284938174,472.35183616312753,725.5822621764967,474.886040660944,709.9546677732951,479.9544496565769,658.8482104006631,483.3333889869989,610.6983249421503,498.5386159738977,584.5115451313801,457.14660917622876,810.4781128533484,,,,,436.872973193697,726.849364425405
labeled-data,Grupo2R4S1,img15100.png,191.8998717381053,643.2206159974617,168.66966384145434,662.6495171473879,204.99326164349037,651.6679643235161,193.5893397921124,625.9035519290493,203.30379036707552,638.1522070018289,218.93138477027708,634.773267671407,233.29187692457037,628.4377564268659,253.56551290710212,622.1022451823247,273.8391488896338,615.344366521481,303.8272354471287,611.965427191059,348.17581415891686,624.2140822638387,386.61124904246657,641.5311463322513,412.375661436934,619.9904081008114,214.2853431909469,663.4942519799936,209.6393016116167,619.1456732682054,253.98788032340485,649.5561272420031,,
labeled-data,Grupo2R4S1,img15350.png,641.4071388317475,116.32093089671564,640.0175312431979,131.88453588847102,654.4694501641136,106.5936777768685,637.7941591015185,125.21441946343302,631.9578072296102,108.81704991854787,619.7292604503739,97.14434617473131,601.6643617992293,87.13917153717428,581.3760910064052,84.91579939549493,560.2540556604514,86.30540698404452,539.6878633499175,86.86125001946436,489.9399116798422,78.80152600587675,446.0283118816752,69.90803743915937,414.9011018981645,80.19113359442633,,,609.1682427773969,129.38324222908176,,,573.0384454751077,129.9390852645016
labeled-data,Grupo2R4S1,img15410.png,759.4403355324503,328.87456636090326,751.560192075909,356.28376099235135,775.543237378426,321.337037837255,750.5323472772296,316.5404287767516,764.2369445929538,312.0864346491412,768.0057088547778,293.9278432058069,772.4597029823881,275.0840218966863,775.2006224455329,255.5549707217795,776.9136971099985,237.39637927844512,770.4040133850295,205.8758054522798,763.5517147271676,139.40850847101808,743.6800486193677,114.74023330271477,707.705480665592,119.5368423632182,783.4233808349674,304.2062911925999,743.6800486193677,298.3818373334172,796.4427482849053,254.5271259231002,743.6800486193677,266.51864857435874
labeled-data,Grupo2R4S1,img15590.png,788.3935139868494,789.3465790614058,816.4879384840838,806.4773257060608,799.6998067723217,777.3550564101472,779.4855257316287,786.9482745311541,783.2542899934529,768.7896830878196,790.106588651315,752.3441663089508,788.7361289197424,736.241264462975,783.939519859239,719.453132751213,772.9758420066598,705.0633055697028,762.0121641540806,692.3865530526581,745.5666473752117,647.5039968436618,732.5472799252739,610.5015840912068,724.6671364687326,577.6105505334691,805.5242606315045,763.6504590944232,774.0036868053392,775.2993668127887,795.9310425104976,713.9712938249236,756.872940160684,759.8816948325991
labeled-data,Grupo2R4S1,img18400.png,73.33716811608511,444.16102668456193,65.83328713791734,431.0987153521958,64.72160106707766,454.44412283982894,88.34493007242067,439.71428240120326,80.56312757654297,452.7765937335694,91.12414524951984,463.3376114065463,100.57347685165705,473.0648645263934,109.46696541837441,489.7401555889885,117.80461094967195,512.5297200412018,124.19680585700006,530.3166971746365,142.11070779137592,588.0101259185179,160.8553441630476,616.647764819683,144.71412950966365,647.3681410954782,76.50448049052511,473.4595703138578,110.3489628282656,451.59082788024085,93.16637948756659,508.3454213389134,140.02797041674575,481.79051981237853
labeled-data,Grupo2R4S1,img19430.png,813.3746190887575,440.4578324293641,,,816.3311910028767,425.25260544246527,804.9272707627026,446.3709762576025,799.8588617670696,432.85521893591465,784.6536347801708,423.985503193557,769.0260403769694,408.35790879035557,759.7339572183089,394.419784052365,753.3984459737678,378.3698222328607,750.0195066433458,361.0527581644482,736.0813819053552,312.90287270593535,704.8261930989522,289.6726648092844,684.9749245327232,255.03853667245932,804.082535930097,402.0223975458144,779.1628583682352,436.6565256826394,780.8523280334462,375.83561773504425,747.9076695618321,406.6684391251444
labeled-data,Grupo2R4S15,img00720.png,103.992500257708,390.52923411663113,,,86.6459693796366,394.43220356419715,,,107.02814316137048,406.5747751788472,108.76279624917764,419.5846733374007,107.0281431613705,436.9312042154721,106.16081661746695,464.25199034843456,108.76279624917764,483.33317431431306,110.49744933698479,496.77673574481844,117.00239841626156,544.4796956595147,139.5528885577544,569.1985021607665,117.86972496016513,597.8202781095843,86.21230610768484,410.47774462641325,128.27764348700794,397.90150973981144,,,,
labeled-data,Grupo2R4S15,img01020.png,411.1751300108317,130.71501871983168,405.18268951503694,154.68478070301063,422.01859376512687,121.86903513080138,398.04883178194797,138.41958507156778,400.90237487518357,118.44478341891868,388.6321395742706,106.74525673665278,370.94017239620985,95.90179298235755,346.68505610370744,98.18462745694602,325.568837213764,107.03061104597633,312.44253898488034,116.44730325365377,268.2126210397288,130.14431010118457,229.4044349717248,134.1392704317144,210.2856962470464,172.66210219039482,,,,,376.0765499640339,133.28320750374374,353.81891383679636,143.55596263939182
labeled-data,Grupo2R4S15,img01970.png,703.8127008222565,749.9661562445621,682.9968637685708,760.3740747714049,712.0523029893404,761.6750645872602,692.9711190234618,740.8592275335744,712.4859662612922,739.9919009896709,728.0978440515564,724.8136864713584,737.6384360344957,706.5998290493835,748.0463545613386,678.8453796444693,752.8166505528083,659.3305324066391,755.4186301845189,639.382021896857,766.2602119833136,592.9800517980161,778.4027835979635,559.5879798577287,764.5255588955065,517.5226424784055,,,708.1493335417745,716.1404210323229,,,702.945374278353,700.9622065140104
labeled-data,Grupo2R4S15,img02250.png,,,426.6442225047723,813.0949875704092,437.90111480513565,809.2254308421594,413.62844078247724,815.5574327611137,425.94066673599957,802.5416510388187,430.51377923302215,789.5258693165235,441.41889364899913,774.3994202879101,461.1184551746349,761.3836385656149,477.65201574079356,754.3480808778879,499.11046668836116,754.3480808778878,534.2882551269965,740.62874338682,571.57671087195,707.9134001388891,589.1656050912677,733.9449635834793,,,,,,,,
labeled-data,Grupo2R4S15,img02390.png,417.20153696328885,794.7574526724551,435.84905765721555,796.9257690322141,420.67084313890314,779.5792381541427,413.73223078767455,807.7673508310087,402.02332244497643,791.2881464968409,379.9064955754354,785.2168606895159,361.2589748815086,776.977258522432,340.87680109977475,767.4366665394928,327.43323966926937,758.763401100457,311.3876986070534,747.9218193016624,255.87879979722493,730.5752884235911,216.84910532156428,731.0089516955429,201.23722753130005,756.1614214687464,,,,,374.2688730400622,747.0544927577588,,
labeled-data,Grupo2R4S15,img03620.png,64.86708056182965,448.31441841743185,,,,,54.174888412794246,444.0375415578177,72.88622467360622,438.15683587584823,79.30153996302747,425.32620529700574,85.18224564499693,413.5647939330668,89.45912250461109,402.33799217657963,92.66678014932168,385.23048473812304,99.08209543874287,352.08468907611325,113.51655483994071,310.919749302327,144.52391207214336,278.8431728552208,148.80078893175752,239.81667151124162,,,,,,,,
labeled-data,Grupo2R4S15,img04940.png,550.6322332844796,804.043876362708,535.6631642758301,830.7743567352966,561.3244254335151,801.905437932901,536.1977738832818,794.955513036028,549.5630140695762,794.4209034285763,551.7014524993832,781.5902728497339,556.5129389664492,772.5019095230538,567.7397407229363,772.5019095230538,582.7088097315859,774.6403479528609,599.8163171700426,770.8980807006985,655.4157163450266,763.4135461963738,684.2846351474221,769.2942518783427,701.3921425858788,742.0291618983025,,,523.3671433044394,819.0129453713575,,,543.1476987801549,751.1175252249826
labeled-data,Grupo2R4S15,img05840.png,667.772355484228,544.1073074409425,,,658.6654267732405,531.097409282389,673.4099780196011,558.4181954153514,657.798100229337,552.3469096080264,643.4872122549281,561.4538383190138,629.609987552471,569.6934404860978,610.0951403146406,575.7647262934228,584.0753439975335,578.8003691970853,555.4535680487157,577.4993793812299,518.592189932814,592.2439306275905,476.0931892815391,604.8201655141924,438.3644846217338,629.5389720154441,631.7783039122298,540.2043379933764,,,,,,
labeled-data,Grupo2R4S15,img06550.png,434.0988690917509,78.64317328627645,,,425.65619986647835,80.75384059259459,447.11465081404594,73.7182829048675,441.13442677947796,92.36251077734426,453.44665273300035,103.61940307770759,460.1304325363411,113.46918384052549,473.49799214302254,127.1885213315933,488.62444117163574,146.8880828572291,501.2884450095445,155.33075208250162,525.5611190322029,184.88009437095533,511.49000365674874,233.42544241627218,542.0946795983616,249.95900298243083,430.9328681322737,114.8762953780709,462.9446556114319,90.60362135541249,,,,
labeled-data,Grupo2R4S15,img08410.png,99.81592380073238,766.466270856125,89.40800527388956,796.8226998927499,114.56047504709306,762.563301408559,88.1070154580342,757.7930054170893,103.28522997634667,749.9870665219572,104.15255652025024,735.2425152755966,103.71889324829846,721.3652905731394,101.98424016049131,708.3553924145858,101.55057688853952,686.2385655450448,99.81592380073238,662.3870855876967,82.90305619461279,625.9593707437468,86.37236237022708,574.3534413814843,85.50503582632354,539.2267163533899,,,,,134.07532228492346,720.497964029236,,
labeled-data,Grupo2R4S15,img09360.png,427.6976506228214,744.0566453859554,450.2114352235481,728.2266405885696,411.1640900566628,735.9657540450693,426.6423169696624,763.0526511428186,414.33009101614,752.4993146112279,401.3143092938449,763.4044290272049,387.2431939183907,774.6613213275681,374.22741219609566,781.6968790152952,352.76896124852806,788.7324367030222,324.62673049761975,785.9182136279313,289.097164174598,795.0644386219765,243.01426131998562,767.9775415242271,210.2989180720547,749.6850915361366,,,,,,,,
labeled-data,Grupo2R4S15,img09840.png,648.255293395375,92.00149624763904,642.275069360807,55.76837415584458,633.8324001355345,89.18727317254822,659.8639635801246,89.53905105693457,647.9035155109887,101.14772124168424,649.3106270485341,112.05283565766122,648.9588491641478,127.88284045504714,651.0695164704659,146.17529044313758,655.9944068518748,165.52307408438702,664.085298192761,175.72463273159127,684.4884154871695,216.53086732040833,690.8204174061239,265.4279932501115,703.8361991284189,290.756000925929,,,650.7177385860795,52.250595311981044,624.3343972571029,151.45195870893284,,
labeled-data,Grupo2R4S15,img10330.png,324.6216775183191,725.4984318842853,296.43356484145306,710.3202173659729,323.7543509744155,739.3756565867425,335.0295960451619,717.2588297172015,336.76424913296904,732.0033809635621,348.906820747619,742.4112994904049,364.51869853788327,755.4211976489585,385.3345355915689,766.6964427197049,410.0533420928207,757.1558507367656,423.0632402513742,742.8449627623568,446.4810569367706,705.5499213745094,429.1345260586992,661.7499309073788,405.7167093733028,639.6331040378375,331.1266265975958,751.9518914733493,335.89692258906547,708.5855642781703,375.3602803366778,784.476636869734,388.3701784952314,734.6053605952783
labeled-data,Grupo2R4S15,img10780.png,452.95052019640264,99.89742711933523,477.4909907982287,75.92766513615632,441.2509935141368,86.48577458112798,457.80154345490314,111.02624518295403,440.3949305861661,106.46057623377709,429.5514668318708,114.16514258551317,425.84186081066457,129.00356667033822,429.26611252254725,144.4126993738104,440.3949305861661,158.96576914931188,457.5161891455796,168.95316997563643,499.46327261614266,198.34466383596296,541.6957103960293,202.62497847581633,571.0872042563558,215.18056808605292,438.6828047302247,72.21805911495007,,,394.4528867850731,150.4051398696051,,
labeled-data,Grupo2R4S15,img11070.png,86.680650431597,202.39579440349704,72.25775717175648,226.66846842615547,100.75176580705116,206.96890690051964,77.53442543755179,189.7317905655883,91.60554081300597,193.6013472938382,95.12331965686951,181.2891213403158,104.62132253530106,168.97689538679342,112.36043599180084,158.77533673958916,122.91377252339146,147.51844443922585,132.05999751743667,139.77933098272604,158.79511673079958,108.1193213879542,200.6566849727757,112.34065600059044,234.4273618738657,124.65288195411283,100.04821003827846,213.65268670386038,40.245969692598266,214.35624247263308,,,117.28532637320981,204.50646170981517
labeled-data,Grupo2R4S15,img11590.png,269.9319421340332,765.4925930532675,290.3141159157671,790.6450628264711,276.8705544852618,754.6510112544729,256.92204397547965,774.1658584923032,260.39135015109395,761.5896236057015,246.94778872058862,759.4213072459424,233.93789056203508,758.5539807020389,222.2289822193369,762.8906134215567,214.42304332420474,770.6965523166889,205.74977788516907,778.0688279398693,159.34780778632808,781.5381341154834,120.75177658261923,769.3955625008335,97.76762316917463,737.3044803764014,,,,,,,,
labeled-data,Grupo2R4S15,img12440.png,424.74973022082037,795.4153588179406,438.6269549232775,824.4707980387102,429.52002621229,781.9717973874353,412.1734953342186,797.5836751776995,414.34181169397755,783.2727872032906,403.93389316713467,778.0688279398693,388.32201537687047,769.8292257727853,369.2408314109919,761.1559603337496,357.9655863402455,757.6866541581353,345.3893514536438,754.2173479825209,302.4566875304171,732.1005211129799,273.40124830964754,715.621316778812,229.16759457056546,735.1361640166425,,,412.60715860617046,758.9876439739904,,,,
labeled-data,Grupo2R4S15,img16070.png,99.60902068568717,676.7680580018305,88.91682853665176,691.2025174030282,110.30121283472258,678.3718868241858,90.52065735900706,673.025790749668,102.81667833039776,662.8682082080844,103.35128793784955,647.8991391994348,106.02433597510841,632.9300701907853,104.42050715275312,616.3571723597804,99.07441107823539,600.8534937436791,84.10534206958582,580.5383286605119,84.6399516770376,507.2968124396194,91.58987657391063,484.30859931919326,100.67823990059068,463.993434236026,79.82846520997165,645.2260911621761,122.59723380611328,648.9683584143384,,,,
labeled-data,Grupo2R4S15,img16190.png,416.63251790458673,800.2628773231893,431.0669773057846,821.1126520138083,429.4631484834292,791.1745139965092,410.7518122226172,814.697336724387,401.12883928848544,791.1745139965092,380.2790645978664,785.2938083145398,353.0139746178261,783.1553698847326,332.69880953465884,782.6207602772809,316.6605213111057,782.0861506698291,293.1376985832278,782.6207602772807,258.92268370631456,778.8784930251185,209.20399021329996,754.2864510823371,173.38514651403142,737.1789436438804,,,,,,,,
labeled-data,Grupo2R4S15,img16520.png,426.79010044617036,709.91385366384,434.2746349504951,683.7179828987032,415.5632986896831,720.0714362054237,443.897607884627,722.2098746352308,425.7208812312668,723.813703457586,423.58244280145965,739.3173820736873,419.3055659418455,756.9594991195958,403.8018873257442,773.5323969506006,382.4175030276734,777.8092738102148,363.1715571594097,770.8593489133419,312.38364445149153,756.9594991195959,270.14948546280175,734.5058956066215,249.29971077218272,709.3792440563883,,,,,,,410.7518122226173,796.5206100710268
labeled-data,Grupo2R4S30,img00340.png,424.9809291789627,319.80784276828985,,,437.1758676953481,330.10162928323876,411.5897346501928,317.95905766858874,429.8035920721677,308.85212895760134,434.3282319009411,293.21601483321245,433.97645401655467,273.35856609618725,429.5245231901553,257.17937415670656,422.0369494600933,244.59396288491328,410.61672912214556,231.8078308099531,394.7867243247596,180.44825968954538,373.68005126157834,154.4166962449552,332.52203878837497,135.77246837247844,,,,,,,400.41517047494125,299.34918461213306
labeled-data,Grupo2R4S30,img01100.png,176.38885261960752,305.1830689179714,190.81174587944804,320.6612958309709,190.81174587944804,303.42417949603964,165.48373820363057,308.3490698774486,172.87107377574398,294.27795450199443,171.1121843538122,270.005280479336,172.87107377574398,244.32549491913215,181.3137430010165,227.4401564685872,186.5904112668118,211.96192955558757,193.9777468389252,196.483702642588,205.23463913928856,160.2505805507936,183.4244103073346,132.81190556865795,154.93040167203995,167.28613823852066,,,,,,,,
labeled-data,Grupo2R4S30,img01780.png,705.7123031151882,782.769716140197,708.8255633618833,794.8457524804832,711.8347122288461,770.0781425754818,698.6407518121631,796.003117429315,695.5664550100762,777.9851338928777,676.9189343161495,768.0108786379866,658.2714136222227,761.9395928306616,633.552607120971,760.2049397428544,608.8338006197192,767.143552094083,581.9466777587086,774.5158277172634,546.819952730614,776.6841440770222,506.0556051671462,788.8267156916722,451.8476961731731,794.0306749550937,,,669.1129954210173,796.1989913148526,,,,
labeled-data,Grupo2R4S30,img01900.png,430.0080126409442,820.9167636767434,,,441.9684607100802,819.1578742548115,418.04756457180815,815.2883175265617,430.71156840971685,805.7903146481301,436.6917924442849,789.2567540819715,447.94868474464823,776.2409723596766,464.4822453108069,765.6876358280858,480.31225010819276,748.0987416087681,501.0671452869877,731.5651810426094,544.6876029508956,713.6245089389054,572.1262779330311,684.4269445348381,619.2645144408026,679.1502762690427,,,415.58511938110365,762.8734127529949,,,,
labeled-data,Grupo2R4S30,img02310.png,244.0108025053761,119.79368690850413,264.76569768417096,119.7936869085041,239.43769000835348,104.31545999550454,242.60369096783066,135.2719138215037,225.7183525172857,121.90435421482223,210.59190348867247,120.49724267727683,192.29945350058205,121.90435421482223,170.84100255301448,125.77391094307214,148.67899583667418,132.1059128620265,125.46165546717481,156.02680900029856,74.4538622311535,207.38638012070624,75.1574179999262,245.0266137500461,102.5960929820618,272.1135108477954,,,225.014796748513,143.3628051623898,172.24811409055985,160.59992149732116,,
labeled-data,Grupo2R4S30,img02350.png,436.4333052647117,95.87279077023206,438.5439725710298,67.02700425055102,426.9353023862801,87.78189942934591,446.2830860275296,103.61190422673184,424.47285719557567,106.77790518620901,408.9946302825761,113.10990710516339,389.99862452571296,116.62768594902693,366.0777283874409,114.51701864270879,336.5283860989872,107.83323883936808,319.99482553282854,110.29568403007255,263.7103640310119,115.22057441148152,226.07013040167203,139.49324843413993,208.12945829796797,169.04259072259364,,,423.06574565803027,77.2285628977553,,,,
labeled-data,Grupo2R4S30,img03150.png,729.6596424294776,537.7604020741319,704.833817518328,552.598826158957,739.076334637155,549.7452830657213,729.9449967388011,523.2073322986304,739.6470432558021,529.4851271037487,749.0637354634796,520.924497824042,758.1950733618335,508.6542625231289,764.4728681669517,492.389066891686,765.614285404246,471.84355662038985,763.3314509296575,456.14906960759413,762.3676922350495,410.7507014117169,773.5716075544974,365.275986291605,736.6645923845515,344.1862633373502,,,723.8095307554477,511.0395765360511,,,732.3701600351544,489.6380033367842
labeled-data,Grupo2R4S30,img04230.png,440.62084480959743,798.1759466450169,430.0675082780068,825.2628437427661,457.85796114452876,799.5830581825624,431.8263976999386,782.3459418476309,451.17418134118805,786.2154985758808,463.48640729471043,777.421051466222,477.2057447857782,772.8479389691994,492.3321938143914,771.7926053160404,511.3281995712546,771.440827431654,531.7313168656631,764.7570476283133,579.5731091422072,759.480379362518,616.158009118388,768.9783822409495,612.2884523901382,726.765036114587,,,,,,,,
labeled-data,Grupo2R4S30,img06600.png,585.2911575188855,112.8962088645556,,,579.2198717115606,99.01898416209849,587.8931371505962,128.94174992677165,575.3169022639945,114.19719868041096,557.970371385923,113.76353540845918,534.5525547005267,109.42690268894134,513.736717646841,111.16155577674846,494.65553368096255,116.3655150401699,475.574349715084,126.77343356701272,409.6575323784127,139.78333172556626,378.867440069836,181.84866910488938,357.1842764722468,193.99124071953938,,,578.352545167657,134.14570919019306,,,,
labeled-data,Grupo2R4S30,img06770.png,771.3327011862012,91.21304526696636,781.740619713044,60.42295295838966,757.0218132117923,86.00908600354495,782.1742829849959,93.3813616267253,765.695078650828,98.15165761819492,755.720823395937,105.52393324137526,748.3485477727565,115.06452522431454,732.7366699824925,122.0031375755431,716.6911289202764,125.03878047920557,701.9465776739157,131.97739283043413,641.2337196006658,147.58927062069833,611.7446171079445,156.2625360597341,573.1485859042357,131.97739283043413,766.1287419227799,54.351667151064674,791.7148749679352,56.51998351082358,,,742.7109252373834,142.38531135727698
labeled-data,Grupo2R4S30,img06950.png,56.62120645807465,711.1301068188039,23.22913451778723,715.9004028102736,58.789522817833614,726.3083213371161,59.2231860897854,699.8548617480573,67.02912498491753,712.431096634659,80.47268641542291,711.1301068188037,101.28852346910844,706.7934740992858,118.63505434717987,704.1914944675751,137.71623831305837,701.1558515639127,152.89445283137084,696.8192188443949,214.4746374485243,675.1360552468057,246.1320563010046,644.3459629382289,255.67264828394386,613.1222073577004,32.33606322877469,737.1499031359109,18.892501798269365,705.4924842834306,117.7677278032763,728.4766376968752,,
labeled-data,Grupo2R4S30,img06990.png,66.42786723046706,804.7485458972475,40.745979391346765,822.7258673846317,77.27133098476227,811.597049321013,66.42786723046706,788.4833502658046,77.8420396034094,797.0439795455113,83.54912578988055,791.9076019776874,90.96833783229309,787.6272873378339,98.3875498747056,783.3469726979806,109.23101362900084,775.927760655568,123.21337478585522,764.2282339733022,172.8650246081544,737.1195745875641,196.8347865913333,715.14729276965,235.35761835001372,682.902255816088,57.867237950760284,840.7031888720159,34.753538895552055,793.3343735243052,,,,
labeled-data,Grupo2R4S30,img08150.png,438.89835312696476,803.3889329331951,,,450.5978798092307,801.9621613865772,427.4841807540224,806.5278303357542,432.90591263117,792.2601148695762,422.6331574955219,777.9923994033983,410.64827650393244,763.4393296278968,397.52197827504875,753.1665744922487,382.39819988090017,742.0377564286299,362.99410684689815,736.6160245514823,322.61552138862515,692.6841917746636,334.92774734214754,649.0637341107558,367.64309059007843,629.0123947007336,407.0422136413501,807.3637820846151,,,,,377.14109346851,782.7393301775703
labeled-data,Grupo2R4S30,img08470.png,435.1844443922584,821.0831195756829,,,445.0342251550763,806.6602263158424,424.2793299762814,824.9526763039328,424.6311078606678,808.7708936221604,410.20821460082726,799.6246686281153,392.2675424971232,793.6444445935473,375.0304261621919,789.423109980911,353.5719752146243,778.517995564934,335.63130311092027,771.8342157615933,288.14128871876244,745.8026523170031,268.793505077513,710.6248638783677,278.9950637247173,662.7830716018236,,,,,403.52443479748655,757.7631003861392,,
labeled-data,Grupo2R4S30,img10250.png,435.1462585421985,126.1699455513471,452.7351527615162,139.8892830424149,438.3122595016757,114.56127536659743,431.9802575827213,137.07505996732405,422.8340325886761,121.5968330543245,408.76291721322195,121.24505516993814,388.0080220344271,109.63638498518846,369.7155720463367,110.69171863834752,355.29267878649614,120.89327728555179,345.7946759080646,145.86950707698293,308.1544422787248,163.10662341191426,285.99243556238446,193.71129935352707,289.510214406248,251.4028723928891,,,415.09491913217636,151.14617534277824,,,,
labeled-data,Grupo2R4S30,img10440.png,,,,,,,,,436.55337007974396,69.88548404953048,435.49803642658486,87.47437826884817,433.0355912358804,106.82216191009763,424.24114412622157,131.09483593275604,412.2806960570855,150.44261957400553,396.09891337531326,168.03151379332323,366.90134897124585,195.8219666598452,313.7828884289064,202.50574646318591,300.76710670661134,236.97997913304863,,,,,,,437.25692584851663,168.38329167770956
labeled-data,Grupo2R4S30,img12770.png,466.1027123681977,105.06327248816586,479.4702719748791,68.83015039637141,452.0315969927435,105.06327248816586,478.0631604373337,108.22927344764305,465.7509344838113,115.96838690414283,465.04737871503863,129.6877243952106,468.2133796745158,144.11061765505113,471.73115851837935,156.42284360857352,480.1738277436518,167.3279580245505,485.8022738938335,176.12240513420934,512.18561522281,213.41086087916287,558.2685180774224,214.81797241670836,594.8534180536033,199.69152338809513,,,,,434.79448065781224,139.5375051580286,,
labeled-data,Grupo2R4S30,img12990.png,190.9236195773604,556.0761113664498,209.21606956545077,573.6650055857675,196.90384361192838,546.5781084880183,179.66672727699702,561.0010017478587,176.85250420190619,546.9298863724046,162.78138882645203,540.9496623378366,143.43360518520257,532.5069931125641,127.955378272203,524.0643238872916,113.88426289674885,512.4556537025419,104.03448213393094,506.12365178358755,85.03847637706781,467.07630661670225,86.44558791461324,425.5665162591125,99.46136963690833,388.62983839854536,208.8642916810644,551.5029988694272,176.14894843313346,568.036559435586,,,,
labeled-data,Grupo2R4S30,img15650.png,600.8563796845802,109.39041260873793,582.5639296964898,73.50906840132984,593.1172662280804,118.88841548716951,610.0026046786254,99.54063184592002,609.650826794239,115.37063664330594,621.9630527477615,122.75797221541939,636.385946007602,128.0346404812147,657.1408411863969,131.55241932507823,685.9866277060779,134.71842028455544,705.8449812908987,139.05877254918278,752.4869695906624,160.5459732982457,762.4612248455535,203.04497394952062,743.380040879675,238.605362249567,605.0414571270555,134.95984025309042,627.5919472685486,96.36380904938163,,,,
labeled-data,Grupo2R4S30,img15900.png,471.47316936590596,101.13410504085124,482.7484144366524,71.21133927617811,456.29495484759354,97.23113559328519,476.6771286293274,112.40935011159766,463.66723047077386,111.1083602957423,445.0197097768471,123.68459518234405,434.1781279780525,136.2608300689458,421.60189309145073,155.77567730677612,425.9385258109686,171.8212183689922,430.27515853048646,185.26477979949752,451.9583221280757,224.72813754710992,494.8909860513023,229.06477026662768,539.5583030623362,212.5855659324599,,,,,,,,
labeled-data,Grupo2R4S31,img01690.png,772.5542247261944,163.80381122192182,781.0638236215552,188.62347466672392,772.1996581055545,147.1391800518404,764.3991924514738,175.14994308240279,761.2080928657135,155.64877894720112,746.6708614194723,147.1391800518404,727.8788305255507,138.62958115647967,707.313966528429,135.43848157071946,676.1121039121064,132.95651522623925,646.6830743989839,135.43848157071946,597.3983141300197,138.6295811564797,552.0137866880958,146.7846134312004,513.7205916589726,166.99491080768212,,,746.3162947988322,180.46844239200323,,,688.8765022551474,172.3134101172825
labeled-data,Grupo2R4S31,img03290.png,655.5472399149846,314.14005837329455,639.5917419861833,321.2313907860952,669.0207714993057,323.3587905099353,644.2011080545036,303.8576263747336,670.0844713612257,308.82155906369405,689.9402021170674,296.057160720653,708.3776663903491,281.87449589505184,716.5326986650698,267.3372644488106,725.7514308017105,244.29043410720863,720.0783648714701,215.92510445600624,690.6493353583476,156.7124788091212,643.8465414338636,142.88438060416004,622.5725441954619,146.0754801899203,,,,,,,662.9931389484252,267.3372644488106
labeled-data,Grupo2R4S31,img03450.png,66.05264078884258,804.9726594339418,36.97817789636014,819.1553242595429,82.36270533828397,813.4822583293025,71.37114009844305,788.3080282638604,85.19923830340423,800.7178599862614,101.15473623220558,789.7262947464204,112.50086809268655,779.4438627478596,124.55613319444754,767.3885976460986,133.77486533108836,747.1783002696168,143.34816408836915,729.8045358582553,171.71349373957153,667.4008106256101,195.82402394309358,647.1905132491283,230.21698614517655,668.4645104875301,85.90837154468429,840.0747548773047,,,,,,
labeled-data,Grupo2R4S31,img03700.png,96.44318388349484,105.41744743077335,,,82.45594622940536,101.04643566387041,109.11911800751335,103.66904272401219,92.94637446997245,116.782078024721,87.70116034968896,132.51772038557158,85.07855328954719,150.87596980656394,84.20435093616658,168.79711805086598,84.64145211285688,187.1553674718583,90.32376740983068,208.5733251296827,92.50927329328215,269.76748986632384,121.35795095484156,295.9935604677415,99.50289212032686,313.47760753535323,,,,,,,122.23215330822217,156.12118392684744
labeled-data,Grupo2R4S31,img05350.png,445.37289760610145,527.0305285852205,,,,,445.37289760610145,541.0177662393098,430.9485587753217,527.904730938601,408.21929758742647,534.0241474122652,386.3642387529118,541.0177662393098,366.2575846251583,548.4484862430448,347.8993352041658,558.9389144836119,329.9781869598639,572.0519497843208,299.38110459154336,621.4443827503239,300.2553069449239,651.167262765264,274.90343869688684,683.949851017036,416.96132112123234,512.1690885777505,423.51783877158675,551.9452956565672,361.8865728582553,519.5998085814855,381.1190246326282,564.1841286038955
labeled-data,Grupo2R4S31,img05470.png,816.8899927715612,85.19621366758828,837.3662079448334,63.64230295888076,800.7245597400306,88.96814804161211,815.8122972361259,102.43934223455433,807.1907329526429,98.6674078605305,796.9526253660067,110.52205875031964,786.175670011653,126.14864401413261,778.0929534958877,136.9255993684864,767.3159981415339,154.1687279354524,740.3736097556495,178.41687748274842,708.0427436925881,221.52469890016346,675.7118776295268,241.46206630571794,638.5313816570064,244.15630514430637,799.1080164368775,72.26386724236377,,,,,751.1505651100033,190.27152837253755
labeled-data,Grupo2R4S31,img05780.png,568.9898938360905,221.1893492604209,557.6252632421428,230.36847397091705,572.923804426303,228.18296808746558,563.3075785391165,215.94413514013738,577.7319173698963,215.06993278675677,598.7127738510303,203.70530219280914,617.9452256254034,191.0293680687906,634.5550703396345,180.53893982822356,647.231004463653,164.803297467373,655.9730279974589,153.87576805011565,691.815324486063,121.9673821517242,727.2205197979767,117.59637038482126,766.9967268767934,118.90767391489213,,,,,,,,
labeled-data,Grupo2R4S31,img07310.png,427.8929723727058,110.28956552332457,427.0187700193252,70.51335844450784,417.83964530882906,115.09767846691781,439.25760296665345,109.41536316994399,431.3897817862281,122.0912972939625,435.76079355313107,136.51563612474217,437.94629943658254,151.81417730890246,440.5689064967243,167.98692084644335,440.56890649672437,182.41125967722303,438.3834006132729,198.58400321476392,416.0912406020679,249.28773971083797,430.07847825615727,286.87844090620325,395.54748529762406,302.61408326705384,,,,,,,,
labeled-data,Grupo2R4S31,img09000.png,425.8779418406485,804.6878074358817,,,432.34411505326074,793.3720043138103,425.3390940729308,817.0813060933885,412.40674764770625,801.4547208295756,394.62477131302256,803.0712641327286,373.6097083720326,805.2266552035994,349.36155882473673,802.532416365011,327.2688003483115,796.0662431523986,308.94797624591007,788.522374404351,250.75241733239972,798.7604819909872,214.11076912759688,787.4446788689156,196.3287927929132,756.7303561090073,,,,,373.070860604315,763.1965293216198,,
labeled-data,Grupo2R4S31,img09190.png,,,,,,,,,784.9654660743539,771.0507025550439,768.8000330428233,762.9679860392786,748.8626656372687,745.7248574723126,739.7022535860681,734.9479021179588,730.5418415348673,718.7824690864281,782.2712272357653,786.6772878188568,788.19855268066,828.7074137008365,762.3338598302109,833.018195842578,745.6295790309625,828.1685659331188,,,726.2310593931259,762.9679860392786,,,,
labeled-data,Grupo2R4S31,img09490.png,737.8523151927972,746.4921498012324,746.3619140881578,724.8635859421905,723.315083746556,739.4008173884317,748.8438804326381,751.4560824901928,732.5338158831967,756.7745817997933,726.1516167116761,768.8298469015542,715.8691847131153,787.6218777954758,705.9413193351944,802.5136758623571,703.1047863700743,819.5328736530784,718.3511510575954,822.0148399975587,765.1539449820795,815.9872074466782,782.1731427728009,784.0762115890756,785.3642423585611,736.5642844233115,,,,,688.9221215444729,758.9019815236334,,
labeled-data,Grupo2R4S31,img10620.png,410.6025981561795,178.82660519933975,394.8669557953289,198.93325932709328,428.08664522379127,174.4555934324368,406.2315863892766,164.40226636856005,420.218824043366,164.40226636856005,433.76896052076506,150.41502871447065,446.44489464478363,141.67300518066477,464.36604288908563,139.4874992972133,484.90979819352947,149.10372518439976,502.8309464378315,166.15067107532124,543.4813558700289,197.1848546203321,539.5474452798162,228.21903816534297,493.65182172733535,241.33207346605178,,,,,457.372424062041,175.7668969625077,,
labeled-data,Grupo2R4S31,img11820.png,492.86946012902456,724.458249467301,522.653056262787,710.2755846416998,482.2324615098236,716.3032171925804,490.38749378454423,735.449814707142,480.8141950272634,729.4221821562614,470.5317630287026,742.1865804993025,463.085863995262,757.7875118074638,456.70366482374146,774.4521429775452,442.1664333775002,788.9893744237866,429.0474684138191,793.9533071127469,382.5750249057712,820.4711400422814,356.71033205532217,795.6841427272675,324.37946599226086,779.5187096957369,,,,,442.9259748901523,736.9497360460397,,
labeled-data,Grupo2R4S31,img12010.png,554.773247428439,90.2900524066543,559.144259195342,59.255868861643435,542.9715156578011,96.4094688803184,567.0120803757673,98.15787358707959,552.1506403682973,108.64830182764663,552.1506403682973,120.01293242159429,554.3361462517488,135.74857478244485,559.144259195342,153.6697230267469,565.2636756690061,164.59725244400425,567.8862827291479,174.21347833119071,594.9865556839461,229.28822659416772,605.9140851012035,248.52067836854067,624.7094356988861,297.4760101578536,,,,,521.1164568232864,161.1004430304819,,
labeled-data,Grupo2R4S31,img12140.png,487.0225650414435,232.78503600769008,478.2805415076376,256.38849954896597,499.69849916546207,225.3543160039551,476.96923797756676,218.79779835360068,488.7709697482047,219.234899530291,492.7048803384173,202.1879536393695,493.5790826917979,182.9555018649966,493.1419815151076,163.2859489139334,501.0098026955329,144.05349713956045,514.559939172932,133.1259677223031,549.0909321314654,105.15149241412429,590.1784427403529,102.52888535398253,626.4578404056473,134.00017007568368,,,520.2422544699059,198.69114422584718,,,,
labeled-data,Grupo2R4S31,img12710.png,524.1761650601185,178.58449009809365,540.7860097743496,202.62505481605982,530.7326827104729,167.6569606808363,508.44052269926794,178.14738892140335,515.871242703003,165.47145479738484,505.8179156391261,148.8616100831537,494.0161838684882,130.06625948547105,478.2805415076376,116.51612300807193,460.79649444002587,114.76771830131075,442.0011438423432,122.63553948173605,380.80697910570206,126.13234889525839,365.9455390982321,165.03435362069453,391.2974073462691,177.71028774471307,529.8584803570923,151.48421714329544,,,,,474.78373209411524,156.29233008688868
labeled-data,Grupo2R4S31,img13390.png,450.30606619945877,224.4801136505745,439.8156379588917,250.26908307530184,465.60460738361905,219.6720007069813,439.81563795889167,206.12186422958217,458.61098855657434,210.05577481979483,468.6643156204511,194.32013245894424,477.84344033094726,177.2731865680228,486.58546386475314,161.5375442071722,488.7709697482046,146.23900302301192,476.09503562418604,131.81466419223221,432.822019131847,106.02569476750487,398.72812735000406,125.6952477185681,386.05219322598555,165.90855597407514,,,,,494.4532850451784,198.69114422584718,,
labeled-data,Grupo2R4S31,img13730.png,160.0947504751602,574.2653089283484,179.3650522797917,595.2613094020514,159.80713403031496,559.0216373515503,146.86439401227886,572.539610259277,146.57677756743357,559.5968702412408,129.60740732156404,551.2559933407288,112.92565352053974,542.0522671056808,99.40768061281314,536.8751710984664,86.75255703962229,524.795280414966,85.0268583705508,502.648814161882,79.27452947364587,445.41314163767794,90.47832785589588,415.19454824063376,111.8962855137203,399.4589058797832,,,,,135.93685023168644,522.2843365297558,,
labeled-data,Grupo2R4S31,img17040.png,385.23220833270807,317.1738623687541,404.464660107081,341.21442708672026,389.603220099611,307.9947376582579,375.17888126883133,317.6109635454444,375.61598244552164,302.7495235379744,366.87395891171576,287.01388117712384,357.6948342012196,274.77504822979563,351.5754177275555,260.7878105757062,355.0722271410778,245.48926939154592,362.5029471448128,226.6939187938633,362.5029471448128,170.74496817750565,391.3516248063722,144.95599875277833,426.756820118286,161.5658434670095,,,,,,,,
labeled-data,Grupo2R4S35,img01470.png,,,,,,,194.06016002742686,112.48474563819575,175.3223097585359,90.97091755169126,142.7045704015776,92.35890646049792,124.66071458709,117.68970404622085,134.37663694873714,147.8784628127674,155.19647058083825,162.79934358243986,187.81420993779656,160.37036299202813,213.8390019779229,187.0891494865579,240.90478569965424,211.37895539067586,270.0525527845957,171.47427426248223,,,,,,,,
labeled-data,Grupo2R4S35,img03100.png,180.7013455311294,804.8178079663029,187.1178921066185,835.1894617569516,193.10666891040842,798.4012613908137,168.7237919235496,804.8178079663029,177.7069571292344,793.2680241304224,175.9958780424373,779.1516216643463,171.29041055374526,767.6018378284657,164.44609420655684,749.2077376453968,160.59616626126333,725.6804002019365,151.18523128387923,678.1979555433168,120.38580772153125,669.2147903376319,105.84163548375582,709.425148877364,,,,,,,193.10666891040842,741.9356515265091,,
labeled-data,Grupo2R4S35,img03280.png,675.0817817349223,762.3015030010046,,,667.8096956160346,752.8905680236205,687.0593353425021,772.1402077500879,668.6652351594332,770.8568984349902,656.2599117801541,776.84567523878,640.0046604555815,779.4122938689757,622.4660998159112,781.5511427274721,601.0776112309474,782.8344520425699,575.4114249289906,785.4010706727656,535.2010663892586,793.9564661067511,486.4353124155409,784.9733009010663,478.30768675325464,801.2285522256389,,,,,628.0271068480018,749.8961796217257,,
labeled-data,Grupo2R4S35,img04630.png,728.6754125029743,558.5729834336964,707.5085816436715,529.4252163487549,,,728.675412502974,550.245049980856,737.3503431830162,558.5729834336965,756.7821879063106,551.2860416624611,767.8860991767646,536.3651608927887,777.9490187656133,518.6683023055027,782.4599827192353,493.33750471977976,775.5200381752015,470.08869049726695,747.7602599990669,428.7960204602666,706.1205927348647,427.7550287786616,668.2978949698811,446.8398762747542,,,,,,,739.7793237734281,500.6244464910153
labeled-data,Grupo2R4S35,img05310.png,88.25362869427673,766.0846072334306,,,86.84624708662251,779.5954706669108,89.37953398040008,753.4181727645426,97.82382362632532,761.5809860889369,114.14945027511409,759.0476991951591,136.9490323191122,759.32917551669,160.59304332770287,766.0846072334301,167.34847504444303,787.4768076697741,116.68273716889166,800.143242138662,67.14290457946365,799.0173368525388,64.60961768568608,753.4181727645426,81.21672065600569,725.2705406114584,,,136.38607967605054,735.1222118650377,,,,
labeled-data,Grupo2R4S35,img05520.png,520.6858225807641,794.1761640255846,,,529.1301122266894,785.1689217365978,515.0562961501473,803.1834063145716,512.5230092563697,786.576303344252,496.4788589291119,775.3172504830184,482.4050428525698,767.154437158624,464.39055827459595,760.6804817634146,439.9021183014128,757.5842422265754,418.22844154353805,757.0212895835136,386.70309353208387,760.3990054418838,347.0149321962353,727.4662758227754,324.7783027952988,757.5842422265754,,,,,,,,
labeled-data,Grupo2R4S35,img06920.png,438.6717522093207,88.89689292762402,453.2159244470961,62.37516708226883,426.2664288300416,82.48034635213487,446.37160809990763,96.59674881821103,427.54973814513943,94.45789995971464,407.8723286469727,100.8744465352038,389.0504586922045,104.72437448049729,366.3786607921428,108.14653265409152,345.8457117505775,110.71315128428718,331.7293092845013,116.27415831637778,286.8134832560772,131.67387009755177,247.88643403144295,150.92350982401928,208.9593848068087,165.4676820617947,,,445.5160685565091,104.72437448049729,,,,
labeled-data,Grupo2R4S35,img09760.png,,,,,,,,,,,,,,,,,,,632.8506522659242,287.3357284256582,664.5056153716707,246.26983034252757,670.4943921754606,202.209543857502,643.5448965584061,179.5377459574403,,,,,,,572.9628842280254,299.313282033238
labeled-data,Grupo2R4S35,img09980.png,370.20001244256787,222.31472312736804,359.50576815008594,244.55875125573047,386.0274939954411,224.88134175756372,363.7834658670787,219.32033472547312,374.9054799312599,212.0482486065854,385.5997242237418,194.93745773861428,390.3051917124339,177.82666687064318,399.2883569181187,164.13803417626633,412.5492198407963,150.8771712535887,425.38231299177465,132.0553012988205,461.314973814514,95.69487070438194,495.5365555504562,85.42839618359929,534.8913745467897,107.67242431196172,,,,,435.2210177408581,176.54335755554536,,
labeled-data,Grupo2R4S35,img11510.png,97.92816536321871,760.1408855548095,,,112.15505167848775,759.4468911004062,84.04827627515132,764.6518495084315,96.54017645441195,751.1189576475658,93.4172014095968,737.9330630139018,81.96629291194122,721.9711905626243,77.10833173111766,706.3563153385485,73.29136223189911,685.8834789336491,,,80.23130677593281,778.5317385964988,63.2284426430503,809.0674945902468,100.35714595363054,819.824408633499,126.72893522095852,713.296259882582,,,,,,
labeled-data,Grupo2R4S35,img12380.png,726.5203004574174,117.26872009831669,,,714.5427468498376,118.55202941341453,738.0700842932979,111.70771306622609,728.2313795442145,130.5295830209943,740.6367029234935,142.50713662857405,758.175263563164,143.7904459436719,778.7082126047293,142.93490640027332,794.5356941576025,142.50713662857405,797.1023127877982,121.54641781530947,761.1696519650588,91.17476402466076,719.6759841102289,89.03591516616439,684.1710930591889,107.00224557753404,712.4038979913412,162.6123158984401,,,,,,
labeled-data,Grupo2R4S35,img12500.png,770.6210819934627,693.4883228540396,761.6379167877778,713.5935021239056,779.6042471991474,695.1994019408367,755.2213702122885,689.2106251370468,770.6210819934626,681.0829994747605,777.0376285689517,661.8333597482931,777.8931681123503,637.0227129897349,775.754319253854,611.7842964594776,774.8987797104553,587.8291892443181,773.1877006236582,557.02976568197,755.128915451633,494.4682053563264,729.125025070484,447.6612026702584,716.1230798799097,435.95945199874143,,,750.5094323218609,659.5378810105141,,,748.9273995520665,592.5651604225516
labeled-data,Grupo2R4S35,img12560.png,768.9664813027955,802.4481745486074,757.3649076576366,825.1239775823271,781.0953992045525,807.7216171145888,758.946940427431,797.1747319826261,775.294612381973,795.5926992128317,778.4586779215618,778.7176830016915,775.294612381973,767.1161093565327,770.5485140725899,754.9871914547757,763.6930387368142,739.1668637568318,760.5289731972254,730.7293556512617,734.689104623917,692.2332249195981,743.1266127294871,652.1550614181402,745.7633340124778,608.3854881204954,791.114940079917,833.5614856878972,761.0563174538236,843.0536823066635,,,729.4156620579357,747.0770276058038
labeled-data,Grupo2R4S35,img12790.png,116.76925546112872,609.0901376206747,142.10005304685168,599.7212124862291,112.25829150750681,605.6201653486578,132.38413068520452,618.1120655279185,112.60528873470852,617.7650683007167,104.97134973627146,633.0329462975909,99.76639132824619,648.300824294465,96.64341628343104,669.8146523809697,94.21443569301924,694.7984527394909,100.46038578264955,722.211233688424,125.74015553209824,764.7707872983817,165.9505140718303,788.7258945135411,204.87756329646456,786.5870456550448,,,,,,,128.73454393399317,677.9335236434284
labeled-data,Grupo2R4S35,img13250.png,,,461.09243379686995,347.1210186587524,441.4150242987032,324.4492207586907,437.56509635340973,349.68763728894805,,,423.0209241156343,330.0102277907813,403.3435146174675,328.2991487039842,373.3996305985181,325.73253007378855,349.0167536116593,318.4604439549008,325.489416168199,316.32159509640445,270.3071156189922,310.33281829261455,234.37445479625293,327.0158393888865,255.33517360951754,341.13224185496273,,,,,,,,
labeled-data,Grupo2R4S35,img13350.png,347.38887101547607,766.9087982154325,327.68552850831725,759.8718901771614,350.7665868738462,779.0122800412586,347.38887101547607,759.3089375340998,360.61825812742563,768.3161798230866,379.7586479915228,768.3161798230866,402.558230035521,766.06436925084,420.5727146134948,759.3089375340998,442.52786769290043,746.9239793867428,459.97939962781254,727.7835895226455,478.27536052731716,680.2140911839333,465.0459734153677,639.1185482404305,442.8093440144312,596.0526710462119,,,,,,,427.6096226517658,722.7170157350904
labeled-data,Grupo2R4S35,img14970.png,665.6544131638261,779.4813639427678,645.1815767589267,771.500427717129,661.1434492102042,787.4623001684065,669.1243854358429,766.2954693091037,676.4113272070783,782.6043389875829,695.1491774759693,787.8092973956082,714.2340249720619,789.5442835316165,732.2778807865494,790.5852752132216,734.7068613769611,779.134366715566,734.0128669225578,772.8884166259356,774.2645452779532,741.6586661777841,763.1606340074993,708.6939295936241,718.7449889256837,697.5900183231702,,,681.9632828423053,755.5385552658515,,,,
labeled-data,Grupo2R4S35,img15540.png,711.1110499272467,715.9808713648595,701.7421247928013,688.9150876431281,701.0481303383979,723.9618075904982,726.7259251513225,720.4918353184814,713.5400305176585,730.5547549073302,713.1930332904567,749.2926051762213,715.6220138808685,767.6834582179105,720.1329778344906,791.6262668948265,726.0319306969192,806.8941448917006,747.1987615562219,799.954200347667,772.1825619147432,786.768305714003,785.0214593212056,752.0685829938345,739.9118197849866,726.0437909537083,,,,,682.6572772967087,771.5004277171289,,
labeled-data,Grupo2R4S35,img17420.png,,,,,,,,,,,,,711.0337555172139,349.4029282421621,726.2334768798792,356.721312601964,,,753.8181563899016,400.0686661177135,781.9657885429858,444.54192491958634,786.4694096874794,485.0745152200275,760.5735881066419,516.3183869099508,,,,,,,,
labeled-data,Grupo2R4S40,img01970.png,720.1060604637881,752.3525067676957,,,709.5854240947303,753.157314666405,729.7841338378057,748.584021894388,719.8753328317687,763.4472234034434,722.0447902414828,778.270711136912,730.7325394558999,797.9629426895908,753.8998706943454,806.6506919040078,768.958635999335,792.1711098799794,769.537819280296,766.1078622367282,781.70066818048,730.1984988171378,776.4880186518296,699.5017849261974,763.1668031897236,660.1173218208402,,,752.9792553673643,759.951513478038,,,,
labeled-data,Grupo2R4S40,img02950.png,575.9411209443915,706.5158832746516,577.240637487395,699.1519561976311,565.9781607813636,698.7187840166299,583.305048021412,719.0778765236868,570.3098825913756,714.7461547136746,557.7478893423405,726.4418036007073,546.9185848173103,742.9023464787533,532.1907306632692,756.3306840897908,509.232605070205,769.7590217008283,486.70765165814214,781.0214984068598,440.7914004720139,797.4820412849058,387.94439438986626,795.7493525609009,355.02330863377426,787.5190811218779,,,,,,,,
labeled-data,Grupo2R4S40,img04130.png,281.1518570973553,70.02539827902335,300.5339737030614,36.96178759870119,269.4655809086207,65.74993138070583,292.26807103298086,79.1463943287674,274.0260789334927,80.2865188349854,262.33980274475823,93.11291952993797,248.37327754358762,106.50938247799954,241.8175616328341,117.91062754017959,232.12650332998103,136.15261963966768,225.0007251661185,161.8054210295728,208.4689198259574,205.41518339241154,202.7682972948674,237.6237006930702,160.5836905648012,248.73991462869574,,,,,,,263.7649583775307,146.12870906907523
labeled-data,Grupo2R4S40,img05090.png,80.49292653022209,168.79927402629752,52.05399203400195,153.3081471055922,77.71839633546891,180.3598165044358,89.27893881360718,154.00177965428054,88.12288456579336,174.3483344158039,100.83948129174546,182.67192500006342,110.78154782294435,193.53883492951343,128.81599408884006,206.94906420415379,154.01797669118147,206.25543165546551,172.05242295707714,193.7700457790761,208.58373718799407,182.67192500006337,215.52006267487704,140.12912868051453,244.4214188702227,157.2387315481592,,,73.7878118929019,137.8170201848869,127.42872899146346,228.91409491261643,,
labeled-data,Grupo2R4S40,img05230.png,96.52598933256245,705.8035951685221,92.25052243424493,729.1761475459912,109.352390027515,706.0886262950766,86.83493102970938,697.822723624996,,,101.65654961054348,694.9724123594511,105.07692312919748,682.1460116644987,107.92723439474248,667.8944553367735,107.642203268188,655.9231480214844,107.35717214163348,647.0871830982949,113.44571611990128,590.8617663303578,111.71302739589649,545.8118595062319,127.30722591194004,521.1210451891629,77.05925291579968,747.2369236717946,38.506928806691974,730.3432086127474,125.57453718793519,699.1548115806603,,
labeled-data,Grupo2R4S40,img05910.png,153.15966613952642,483.0844063868709,178.24240527632256,466.8376321732643,134.34761178692935,469.97297456536387,153.15966613952642,500.75633623325,136.05779854625635,491.9203713100605,115.25052630777773,501.6114296129135,104.13431237215218,518.7132972061836,109.5499037766877,531.5396979011362,121.80624221853128,548.0715032412973,138.05301643213787,554.9122502786054,183.08793442774908,583.7003940606098,224.7024789047063,576.2895847701936,265.461930002,554.0571568989425,,,,,,,,
labeled-data,Grupo2R4S40,img07480.png,313.43576160804537,120.59016352790951,324.6799057493215,119.18464551025,296.56954539613116,113.21119393519703,314.84127962570494,129.3746511382815,297.6236839093758,123.75257906764344,285.325401254855,135.34810271333447,282.514365219536,152.91707793407846,283.91988323719545,172.94570968572663,283.91988323719545,192.9743414373748,273.72987760916396,217.92228625083126,257.91779991049435,249.19506214375556,252.99848684868604,290.30646416029657,201.34569969969868,294.87439771769,,,,,,,,
labeled-data,Grupo2R4S40,img07820.png,493.3420678684639,72.80255092748587,501.0724169655913,36.61046197275322,476.8272311609645,71.04565340541146,503.5320734964954,78.7760025025388,485.96309827575146,84.74945407759176,473.6648156212307,96.69635722769769,459.6096354446354,108.99463988221851,444.14893725038075,118.48188650142026,424.1203054987326,130.0774101471113,370.3592413232559,158.1877705003017,342.2488809700655,175.75674572104566,315.89541813894954,157.13363198705702,478.58412868303895,48.908744627274025,,,,,,,468.7455025594223,133.94258469567495
labeled-data,Grupo2R4S40,img08750.png,432.55341360468964,101.96704979392089,427.9854800472962,69.28875588333705,422.0120284722433,110.400157899878,449.4196298166039,97.39911623652745,438.17548567532776,109.69739889104824,448.36549130335925,123.04982005881368,457.852737922561,138.86189775748323,471.55653859474137,151.16018041200405,485.61171877133654,153.9712164473231,504.9375915141549,165.91811959742898,534.8048493894198,188.40640787998132,559.0037429174181,232.0055264957302,570.5992665631092,206.35482267344398,,,452.18437357529456,75.99302653552354,,,,
labeled-data,Grupo2R4S40,img10340.png,445.9440184641492,811.705761701927,449.4093959121589,845.4931918200214,458.5060117131843,801.7428015388991,431.6493364911093,809.1067286159197,442.47864101613953,802.6091459009018,429.91664776710445,789.6139804708655,416.92148233706814,779.6510203078377,402.193628183027,771.4207488688147,384.8667409429786,767.0890270588026,364.50764843592174,768.8217157828074,322.4899468788044,768.3885436018062,280.0390731406858,740.2323518367275,243.219437755583,748.4626232757505,,,433.8151973961153,838.5624369240022,420.38685978507783,765.3563383347978,,
labeled-data,Grupo2R4S40,img11900.png,734.0507005382905,450.0877205534068,711.9137917601531,441.65461244744967,725.9689719367482,462.3860032079276,747.7545012104708,437.08667889005625,744.5920856707369,454.65565411080024,756.5389888208429,471.1704908182996,761.4583018826511,489.0908455434585,762.5124403958957,509.1194772951066,765.6748559356297,535.8243196306375,767.0803739532892,557.961228408775,767.0803739532892,608.2084975401028,747.7545012104708,645.4547250080801,733.6993210338755,674.2678443701003,,,,,,,,
labeled-data,Grupo2R4S40,img12240.png,434.17197819565195,74.80719151437202,,,420.9929597705743,80.35625190387839,445.2700989746647,69.02692027530288,439.02740603647,81.04988445256667,448.7382617181061,93.30405947939325,459.6051716475562,104.40218025840598,486.6568410463997,111.80092744441447,510.70276940092725,116.42514443566978,524.5754203746932,115.03787933829318,575.9042289776271,123.13025907298997,611.0482781111674,147.86981997620586,642.2617428021408,165.67305539253877,,,,,460.2988041962444,135.84685579894204,,
labeled-data,Grupo2R4S40,img12530.png,438.2017469181962,90.81562424654497,433.2824338563879,72.8952695213861,429.4172593078242,88.7073472200557,450.85140907713185,91.8697627597896,435.39071088287716,100.65425037016159,430.82277732548374,110.14149698936338,425.55208475926054,122.79115914829903,416.7675971488885,144.92806792643648,402.00965796346355,165.65945868691438,392.17103183984693,182.52567489882864,392.87379084867666,239.80053411845404,416.41621764447365,262.64020190542124,459.9872761919188,251.3960577641451,,,,,379.16999017649636,123.49391815712879,,
labeled-data,Grupo2R4S40,img13330.png,772.1259211314907,447.7702114440885,796.3711069361174,450.93262698382244,766.1524695564377,437.580205816057,785.829721803671,451.98676549706704,764.7469515387783,459.0143555853647,755.9624639284062,478.34022832818306,754.5569459107467,497.31472156658657,755.6110844239913,516.28921480499,759.8276384769699,535.6150875478085,762.9900540167038,551.7785447508929,763.6928130255336,591.1330492453595,737.3393501944176,634.7041077928046,723.2841700178224,668.0851607122182,,,,,,,,
labeled-data,Grupo2R4S40,img13960.png,403.5450131100127,136.97237372072865,,,410.2212236938954,123.61995255296323,399.679838561449,152.4330719149834,394.7605254996407,134.16133768540962,375.7860322612372,126.43098858828226,356.4601595184187,116.9437419690805,340.64808181974917,104.64545931455972,331.5122147049623,96.56373071301748,388.78707392458773,102.18580278365555,420.41122932192695,93.04993566886867,454.14366174575537,86.72510458940083,485.7678171430946,86.37372508498595,381.7594838362901,159.81204150769588,,,,,,
labeled-data,Grupo2R4S40,img14190.png,203.02502768975083,765.4712536176191,223.3171862464297,761.1992202372658,200.35500682702994,755.859178511824,204.62704020738337,778.2873537586795,189.14091920360212,767.0732661352517,167.24674812929072,760.6652160647217,148.02259791770024,753.7231618216473,130.40046022374224,743.5770825433078,113.84633087487268,732.8969990924242,103.16624742398906,715.2748613984662,79.67006383204512,683.2346110458154,75.93203462423585,641.0482814148252,87.14612224766364,603.6679893367326,,,,,,,,
labeled-data,Grupo2R4S40,img14540.png,760.8576282278873,115.33462827764977,751.3703816086854,98.46841206573555,745.7483095380474,112.17221273791586,772.4531518735782,104.79324314520338,761.9117667411319,129.74118795865985,765.0741822808658,147.31016317940384,764.7228027764509,165.9332769133925,763.3172847587914,184.20501114296624,761.9117667411318,196.15191429307217,761.2090077323021,207.3960584343483,779.129362457461,260.1029840965803,772.4531518735782,292.0785189983344,756.6410741749087,329.6761259707265,,,,,,,,
labeled-data,Grupo2R4S40,img15770.png,98.95037396501775,79.28861145454373,96.49071743411358,43.799281508640846,81.73277824868862,78.93723195012883,110.54589761070878,86.31620154284131,97.8962354517731,93.3437916311389,105.97796405331533,110.91276685188292,120.73590323874029,124.9679470284781,140.0617759815587,134.80657315209476,157.98213070671756,138.32036819624352,170.98317237006813,138.67174770065844,200.85043024533292,127.0762240549674,243.3673502795334,113.37242338278706,283.77599328724455,137.6176091874138,42.378273754222064,91.23551460464962,,,142.87281201687773,167.48486706267857,,
labeled-data,Grupo2R4S40,img17140.png,626.3686393678499,87.9197948023932,599.9451363267762,87.05345044039075,618.5715401098282,105.24668204244159,627.6681559108536,75.79097373435931,639.7969769788874,88.78613916439559,651.9257980469214,92.25151661240528,665.78730783896,97.44958278441982,680.0819898120001,106.11302640444399,693.5103274230376,122.57356928248998,703.0401154050642,128.20480763550574,738.1270620661621,131.67018508351538,749.3895387721936,162.4254099346013,750.6890553151973,207.90848893972833,,,,,641.0964935218911,129.07115199750814,,
labeled-data,Grupo2R4S40,img17860.png,568.3694647520068,127.6502750660865,592.1939347070734,117.68731490305868,550.1762331499559,122.45220889407199,565.7704316659995,144.5439901251337,553.2084384169644,133.71468560010345,541.5127895299318,139.77909613412038,518.9878361178688,149.7420562971482,498.1955714298108,164.46991045118935,491.6979887147926,188.2943804062559,492.13116089579387,208.22030073231156,476.10379019874904,244.6067639364132,472.63841275073935,283.1590880455209,474.37110147474425,318.2460347066189,,,,,462.67545258771156,169.23480444220266,,
labeled-data,Grupo2R4S41,img00800.png,692.542208709157,596.5713581287303,686.8197136809546,602.6395553521011,707.7351593710595,602.9881461136027,683.682396827439,585.5586080385154,699.0203903335159,589.3931064150347,711.9182485090805,575.100885193463,725.1646974461469,561.8544362563966,734.5766480066941,546.8650335118215,743.6400078057395,526.6467693447202,744.6857800902447,499.10809918608214,755.8406844583006,451.69975562184453,771.5272687258794,420.32658708668725,774.664585579395,392.7879169280493,,,,,,,,
labeled-data,Grupo2R4S41,img01020.png,586.9852259425813,789.4667144053458,568.1613248214869,792.6040312588616,589.7739520345953,801.667391057907,585.2422721350725,777.6146285142864,599.1859025951425,789.1181236438441,621.4957113312541,787.3751698363354,642.411157021359,783.1920806983145,663.3266027114639,778.6604007987918,681.4533223095548,766.4597241462307,694.6997712466211,745.1956876946241,730.2560289197994,703.0162055529127,749.7771115638973,675.1289446327729,750.8228838484025,637.4811423905842,,,,,,,634.0449787453172,754.2590474936695
labeled-data,Grupo2R4S41,img01590.png,434.99965392781957,820.8398829405032,,,447.20033058038075,819.0969291329945,424.5419310827672,821.5370644635067,434.30247240481606,807.2448432419351,438.1369707813353,790.1638959283495,445.45737677287195,775.1744931837743,458.70382570993837,763.6709980542166,477.87631759253446,753.5618659706661,493.21431109861135,748.3330045481398,525.6332519182738,725.6746050505262,556.6578296919294,701.273251745404,589.4253612730936,730.9034664730525,,,,,,,,
labeled-data,Grupo2R4S41,img03000.png,801.7962500257423,445.67973265375895,,,798.7881101535856,430.20929902552473,802.6557185606442,456.85282360748374,788.0447534673118,444.82026411885704,767.8472428971171,452.98521520042516,755.3849491410394,468.88538309611033,743.7821239198638,490.37209646865796,733.4685015010409,506.27226436434313,725.3035504194729,525.610306399636,714.5601937331991,567.2945303423783,688.346403418691,605.540880145513,664.2812844414377,636.9114816694324,,,,,,,,
labeled-data,Grupo2R4S41,img03170.png,791.9123618743704,449.1176067933666,828.4397746077013,439.2337186419947,786.325816397508,437.94451583964184,798.3583758861346,463.298837619248,781.5987394555475,455.99335507258183,768.706711432019,462.4393690843461,750.228137931628,468.88538309611033,736.9063756406485,484.3558167243446,730.4603616288844,497.6775790153241,727.0224874892767,514.8669497133621,701.6681657096706,550.5348939117912,700.3789629073176,584.4839010404164,665.5704872437906,611.1274256223754,,,,,747.6497323269223,451.6960123980724,,
labeled-data,Grupo2R4S41,img03250.png,464.14366283992615,104.05258967375134,450.548623141358,81.74278093763952,456.47466608688774,115.90467556481076,476.34433949248734,91.50332225968845,473.55561340047336,112.07017718829152,493.7738775675747,113.46454023429851,520.2667754417075,113.46454023429851,544.6681287468298,113.46454023429851,570.1152543364573,116.60185708781424,589.9849277420568,119.73917394132997,635.9989082602874,115.90467556481076,677.8297996404971,127.75676145587016,715.8261926441876,139.9574381084313,,,,,,,,
labeled-data,Grupo2R4S41,img04720.png,84.54336889466008,229.08933682131536,64.67369548906049,228.04356453681012,88.02927650967756,244.77592108889405,81.7546428026461,218.631613976263,97.09263630872299,222.11752159128048,103.36727001575443,202.24784818568088,103.71586077725618,182.02958401857956,106.1559961077684,161.11413832847472,107.20176839227365,138.45573883086115,112.43062981479986,121.37479151727551,131.9517124588977,86.86430612860255,171.69105927009687,86.16712460559906,208.29308922778034,111.6142501952266,116.96230971432257,228.3921552983119,,,,,,
labeled-data,Grupo2R4S41,img05110.png,397.57787272322906,92.79034907413225,431.7397673504003,84.07558003658858,400.7151895767448,82.68121699058159,409.08136785278674,111.6142501952266,380.1483346481417,95.23048440464449,357.1413443890264,90.69880450512177,335.5287171759181,87.2128968901043,311.82454539379927,90.35021374362002,297.18373341072584,94.18471212013924,282.54292142765246,93.8361213586375,216.6592675038222,107.43116105720564,182.497372876651,117.88888390225806,175.52555764661605,130.7867420778227,,,390.25746673169226,119.63183770976677,,,271.0394262980948,121.02620075577379
labeled-data,Grupo2R4S41,img05240.png,119.17622188246646,800.1631572421006,130.33112625052235,794.2371142965708,109.06708979891577,799.1173849575954,128.5881724430136,819.3356491246968,117.43326807495772,784.8251637360238,118.82763112096471,762.1667642384102,120.57058492847345,739.5083647407967,124.40508330499266,716.5013744816813,124.0564925434909,699.4204271680958,119.17622188246646,681.9908890930084,114.64454198294375,632.4910009597603,125.64391665943602,594.0136786608437,128.28514049529156,556.8478128083448,,,99.14800797648081,791.5341710962205,155.83297487671263,729.5515437380232,,
labeled-data,Grupo2R4S41,img06010.png,436.6089791488891,822.7903677982177,,,448.7935982022099,820.1415375692349,,,434.82101818358313,810.8033881164597,433.4266551375762,792.6766685183688,428.5463844765517,770.366859782257,419.48302467750625,752.9373217071698,408.32812030945036,740.0394635316051,386.715493096342,725.3986515485317,360.22259522220924,697.8599813898936,318.3917038419996,696.1170275823849,335.821241917087,659.1664068631998,,,,,,,398.9161697489032,788.4935793803479
labeled-data,Grupo2R4S41,img07850.png,,,,,,,,,767.1344725896231,402.35066827851443,773.5804866013875,420.8292417789054,777.448095008446,446.18356355851154,778.3075635433479,471.96761960556864,777.0183607409951,493.4543329781162,772.2912837990345,515.3707806181147,763.6965984500156,563.5010185726213,740.4909480076642,599.1689627710504,729.3178570539394,641.7126552486945,,,,,752.9532417637417,514.9410463506638,,
labeled-data,Grupo2R4S41,img07880.png,808.0519733813568,249.18073565297203,836.4144350331196,252.61860979257963,803.3248964393963,233.2805677572868,800.7464908346906,260.7835608741477,796.449148160181,248.32126711807012,783.9868544041035,247.89153285061917,770.235357845673,254.76728112983437,754.3351899499878,268.51877768826483,742.7323647288122,284.848679851401,740.1539591241064,302.03805054943905,738.0052877868517,338.56546328277,735.8566164495969,393.14171524904083,744.451301798616,434.82593919178316,822.6629384746891,233.71030202473776,826.9602811491986,265.9403720835591,,,,
labeled-data,Grupo2R4S41,img09100.png,,,,,,,,,435.3752116625976,77.75907343138638,437.5238829998524,93.22950705962064,441.39149140691086,113.85675189726632,444.8293655465185,136.63266807216678,449.98617675592993,159.40858424706724,449.556442488479,180.03582908471287,439.24282006965615,232.03367544627804,411.31009268534433,264.6934797725504,379.5097568939739,283.1720532729413,,,,,470.6134215935756,103.11339521099254,,
labeled-data,Grupo2R4S41,img09320.png,,,80.57576304594052,460.76860470412157,,,,,94.17080274450866,418.9377133239119,93.82221198300691,401.15958448732283,89.98771360648769,379.8955480357163,87.8961690374772,340.50479198601886,85.10744294546322,329.3498876179629,81.62153533044574,317.1492109654018,76.04408314641779,273.5753657776834,91.03348589099292,230.69870211296848,111.49389420297517,199.08604763961154,125.08893390154331,401.6172800721266,,,,,,
labeled-data,Grupo2R4S41,img12220.png,484.7615702302128,787.7276328829073,509.5115142968368,780.0586361298689,481.97284413819887,774.8297747073427,478.83552728468317,803.7628079119877,466.6348506321219,784.5903160293916,454.7827647410626,776.5727285148514,446.7651772265224,764.0234611007886,437.70181742747695,748.33687683321,431.0785929589438,728.8157941891121,427.941276105428,712.7806191600317,419.9236885908879,673.7384538718361,413.99764564535815,632.9533347761318,423.0610054444036,584.4992189273888,,,,,,,405.2828766078145,774.481183945841
labeled-data,Grupo2R4S41,img12960.png,,,,,440.83913428099265,814.5691215185418,415.0434179298634,819.4493921795664,425.5011407749158,808.9916693345141,422.01523315989834,792.2593127824301,415.7405994528669,774.1325931843393,402.14555975429874,753.914329017238,387.15615700972364,742.0622431261786,367.98366512712755,734.7418371346419,341.142176491493,712.0834376370284,295.4767867347641,706.8545762145021,261.31489210759287,676.8757707253519,,,,,,,,
labeled-data,Grupo2R4S41,img14540.png,,,,,,,,,431.0785929589438,818.0550291335595,422.36382392140007,802.0198541044791,415.0434179298634,780.4072268913708,403.191332038804,762.9776888162834,383.67024939470616,752.519965971231,362.4062129430996,744.8509692181926,315.34646014036366,720.4496159130703,281.881747036196,687.682084331906,267.5895258146243,658.0518696042575,,,,,,,,
labeled-data,Grupo2R4S41,img14690.png,453.03981093355384,761.5833257702764,480.57848109219185,745.1995599796942,444.67363265751186,750.0798306407187,452.69122017205206,776.5727285148514,436.30745438146994,765.7664149082974,419.2265070678843,768.2065502388097,400.40260594679,766.1150056697992,385.41320320221485,758.7945996782624,371.8181635036467,752.8685567327327,359.2688960895838,743.4566061721856,322.3182753703986,730.2101572351191,293.7338329272553,723.9355235280877,271.0754334296418,668.8581832108117,,,,,409.81455650733716,737.5305632266559,,
labeled-data,Grupo2R4S41,img16750.png,109.02711972966021,782.1160214129843,87.92454355659234,779.5928873053349,113.84401211699092,794.2729402952953,112.69713297715028,769.0415992188011,,,,,119.80778364416227,772.9409882942592,130.3590717306962,759.6371902721078,139.99285650535762,747.4802713897969,148.25038631221025,736.9289833032632,171.64672076495944,702.0638574521075,195.731182701613,697.9350925486813,251.2401330699002,721.1020511734625,76.68512798615401,832.5787035659727,63.840081619938786,793.5848128113906,,,92.05330846001866,745.1865131101156
